{"cameraMode":{"drawMode":0,"name":"Shaded","section":"Shading Mode"},"sceneLighting":true,"audioPlay":false,"sceneViewState":{"m_AlwaysRefresh":false,"showFog":true,"showSkybox":true,"showFlares":true,"showImageEffects":true,"showParticleSystems":true,"showVisualEffectGraphs":true,"m_FxEnabled":true},"in2DMode":false,"pivot":{"x":1.3423959016799927,"y":2.3036539554595949,"z":-0.14415201544761659},"rotation":{"x":-0.21372857689857484,"y":0.36641639471054079,"z":-0.08688060939311981,"w":-0.9013934135437012},"size":0.28043901920318606,"orthographic":false}