{"cameraMode":{"drawMode":0,"name":"Shaded","section":"Shading Mode"},"sceneLighting":true,"audioPlay":false,"sceneViewState":{"m_AlwaysRefresh":false,"showFog":true,"showSkybox":true,"showFlares":true,"showImageEffects":true,"showParticleSystems":true,"showVisualEffectGraphs":true,"m_FxEnabled":true},"in2DMode":false,"pivot":{"x":-7.803246021270752,"y":1.2132015228271485,"z":10.580334663391114},"rotation":{"x":-0.036437779664993289,"y":0.7951193451881409,"z":-0.04801156371831894,"w":-0.6034494638442993},"size":0.8660253882408142,"orthographic":false}