{"cameraMode":{"drawMode":0,"name":"Shaded","section":"Shading Mode"},"sceneLighting":true,"audioPlay":false,"sceneViewState":{"m_AlwaysRefresh":false,"showFog":true,"showSkybox":true,"showFlares":true,"showImageEffects":true,"showParticleSystems":true,"showVisualEffectGraphs":true,"m_FxEnabled":true},"in2DMode":false,"pivot":{"x":0.7859354615211487,"y":1.5344046354293824,"z":1.1965019702911378},"rotation":{"x":-0.06286439299583435,"y":0.9363427758216858,"z":-0.22350014746189118,"w":-0.26337921619415285},"size":0.8660253882408142,"orthographic":false}