{"cameraMode":{"drawMode":0,"name":"Shaded","section":"Shading Mode"},"sceneLighting":false,"audioPlay":false,"sceneViewState":{"m_AlwaysRefresh":false,"showFog":true,"showSkybox":false,"showFlares":true,"showImageEffects":true,"showParticleSystems":true,"showVisualEffectGraphs":true,"m_FxEnabled":true},"in2DMode":false,"pivot":{"x":0.0013755857944488526,"y":0.903700590133667,"z":-0.0010142326354980469},"rotation":{"x":-0.09761237353086472,"y":0.7903603315353394,"z":-0.13063746690750123,"w":-0.5905457735061646},"size":1.1842479705810547,"orthographic":false}