{"cameraMode":{"drawMode":0,"name":"Shaded","section":"Shading Mode"},"sceneLighting":true,"audioPlay":false,"sceneViewState":{"m_AlwaysRefresh":false,"showFog":true,"showSkybox":true,"showFlares":true,"showImageEffects":true,"showParticleSystems":true,"showVisualEffectGraphs":true,"m_FxEnabled":true},"in2DMode":false,"pivot":{"x":-8.723169326782227,"y":9.598158836364746,"z":11.574962615966797},"rotation":{"x":0.10269522666931153,"y":0.8904690742492676,"z":-0.24962031841278077,"w":0.3663453459739685},"size":1.2247449159622193,"orthographic":false}