{"cameraMode":{"drawMode":0,"name":"Shaded","section":"Shading Mode"},"sceneLighting":true,"audioPlay":false,"sceneViewState":{"m_AlwaysRefresh":false,"showFog":true,"showSkybox":true,"showFlares":true,"showImageEffects":true,"showParticleSystems":true,"showVisualEffectGraphs":true,"m_FxEnabled":true},"in2DMode":false,"pivot":{"x":12.020147323608399,"y":4.355044841766357,"z":21.823284149169923},"rotation":{"x":-0.08345409482717514,"y":0.4306859076023102,"z":0.04003318026661873,"w":0.8977497220039368},"size":11.182669639587403,"orthographic":false}