{"cameraMode":{"drawMode":0,"name":"Shaded","section":"Shading Mode"},"sceneLighting":true,"audioPlay":false,"sceneViewState":{"m_AlwaysRefresh":false,"showFog":true,"showSkybox":true,"showFlares":true,"showImageEffects":true,"showParticleSystems":true,"showVisualEffectGraphs":true,"m_FxEnabled":true},"in2DMode":false,"pivot":{"x":20.6715145111084,"y":7.164509296417236,"z":13.03539752960205},"rotation":{"x":0.0010922226356342435,"y":0.9654244780540466,"z":0.00404537096619606,"w":-0.26065120100975039},"size":0.01385628804564476,"orthographic":false}