{"cameraMode":{"drawMode":0,"name":"Shaded","section":"Shading Mode"},"sceneLighting":true,"audioPlay":false,"sceneViewState":{"m_AlwaysRefresh":false,"showFog":true,"showSkybox":true,"showFlares":true,"showImageEffects":true,"showParticleSystems":true,"showVisualEffectGraphs":true,"m_FxEnabled":true},"in2DMode":false,"pivot":{"x":126.48187255859375,"y":514.8704833984375,"z":-405.1880187988281},"rotation":{"x":-0.19635969400405885,"y":-0.14297877252101899,"z":0.028954200446605684,"w":-0.9696215391159058},"size":0.8660253882408142,"orthographic":false}