{"cameraMode":{"drawMode":0,"name":"Shaded","section":"Shading Mode"},"sceneLighting":true,"audioPlay":false,"sceneViewState":{"m_AlwaysRefresh":false,"showFog":true,"showSkybox":true,"showFlares":true,"showImageEffects":true,"showParticleSystems":true,"showVisualEffectGraphs":true,"m_FxEnabled":true},"in2DMode":false,"pivot":{"x":-8.242753982543946,"y":1.6702075004577637,"z":10.732860565185547},"rotation":{"x":-0.05877441540360451,"y":0.7251229286193848,"z":-0.06237637251615524,"w":-0.6832807064056397},"size":0.8660253882408142,"orthographic":false}