{"cameraMode":{"drawMode":0,"name":"Shaded","section":"Shading Mode"},"sceneLighting":true,"audioPlay":false,"sceneViewState":{"m_AlwaysRefresh":false,"showFog":true,"showSkybox":true,"showFlares":true,"showImageEffects":true,"showParticleSystems":true,"showVisualEffectGraphs":true,"m_FxEnabled":true},"in2DMode":false,"pivot":{"x":-0.3466145098209381,"y":1.3682600259780884,"z":1.5721262693405152},"rotation":{"x":-0.24276310205459596,"y":-0.13854603469371797,"z":0.03505391255021095,"w":-0.9594999551773071},"size":1.442596197128296,"orthographic":false}