{"cameraMode":{"drawMode":0,"name":"Shaded","section":"Shading Mode"},"sceneLighting":false,"audioPlay":false,"sceneViewState":{"m_AlwaysRefresh":false,"showFog":true,"showSkybox":false,"showFlares":true,"showImageEffects":true,"showParticleSystems":true,"showVisualEffectGraphs":true,"m_FxEnabled":true},"in2DMode":false,"pivot":{"x":6.208410739898682,"y":1.6649999618530274,"z":-10.699999809265137},"rotation":{"x":0.06905471533536911,"y":-0.9238067269325256,"z":0.19979993999004365,"w":0.3192392885684967},"size":0.060621581971645358,"orthographic":false}