{"cameraMode":{"drawMode":0,"name":"Shaded","section":"Shading Mode"},"sceneLighting":true,"audioPlay":false,"sceneViewState":{"m_AlwaysRefresh":false,"showFog":true,"showSkybox":true,"showFlares":true,"showImageEffects":true,"showParticleSystems":true,"showVisualEffectGraphs":true,"m_FxEnabled":true},"in2DMode":false,"pivot":{"x":-1.1353766918182374,"y":9.406028747558594,"z":0.7004406452178955},"rotation":{"x":-0.015624050050973893,"y":0.9597050547599793,"z":-0.27525076270103457,"w":-0.05447244271636009},"size":2.113795280456543,"orthographic":false}