{"cameraMode":{"drawMode":0,"name":"Shaded","section":"Shading Mode"},"sceneLighting":true,"audioPlay":false,"sceneViewState":{"m_AlwaysRefresh":false,"showFog":true,"showSkybox":true,"showFlares":true,"showImageEffects":true,"showParticleSystems":true,"showVisualEffectGraphs":true,"m_FxEnabled":true},"in2DMode":false,"pivot":{"x":-0.14144539833068849,"y":1.5929112434387208,"z":1.0443532466888428},"rotation":{"x":0.04091234505176544,"y":-0.8048561215400696,"z":0.055881381034851077,"w":0.5894355773925781},"size":0.8052549958229065,"orthographic":false}