{"cameraMode":{"drawMode":0,"name":"Shaded","section":"Shading Mode"},"sceneLighting":true,"audioPlay":false,"sceneViewState":{"m_AlwaysRefresh":false,"showFog":true,"showSkybox":true,"showFlares":true,"showImageEffects":true,"showParticleSystems":true,"showVisualEffectGraphs":true,"m_FxEnabled":true},"in2DMode":false,"pivot":{"x":-0.021887660026550294,"y":1.6326096057891846,"z":1.4690443277359009},"rotation":{"x":-0.14171533286571504,"y":0.7335138916969299,"z":-0.1611882448196411,"w":-0.6448989510536194},"size":0.732756495475769,"orthographic":false}